Image,S1,S2,S3,S4,S5,S6,S7,Labels,Set
001_binary.jpg,0.0007945351393222974,2.342017707377437e-07,6.893366802395847e-12,5.029676747059642e-13,-1.3587078547838215e-25,-8.143870138241844e-17,-9.266305513155082e-25,1,train
002_binary.jpg,0.0008513402710039182,3.215982686549784e-07,2.0375814532364827e-11,2.4379019883358517e-12,9.20536391269516e-24,2.983259375646595e-16,-1.4508392818425645e-23,1,train
003_binary.jpg,0.0009062377092344082,4.146493125126679e-07,2.6865163662152044e-11,2.8793972222054467e-12,4.895954340564289e-24,-2.546761048775979e-16,-2.4847099520287937e-23,1,train
004_binary.jpg,0.0010104554360449393,6.102152241676974e-07,3.627627652304166e-11,3.571878122652245e-12,-1.1233914031248488e-23,-1.40571992720984e-15,-3.907621348568652e-23,1,train
005_binary.jpg,0.0009776082985787963,5.485078798157203e-07,2.939751167162357e-11,2.8303656433247935e-12,-6.2015841146888674e-24,-9.71904348981651e-16,-2.5061898377863744e-23,1,train
006_binary.jpg,0.00084539631320808,3.1543696418771835e-07,1.1453673441055259e-11,9.197921662812008e-13,-5.700449440716897e-25,-1.8751750785775396e-16,-2.9305022997275686e-24,1,train
007_binary.jpg,0.0008515646102682624,3.1944991823560596e-07,7.53981570417847e-12,1.4659265964865326e-12,4.852966809602987e-24,8.190795794945405e-16,4.478404324597646e-25,1,train
008_binary.jpg,0.0008612651921928627,3.378414618886121e-07,8.525580867182364e-12,1.9071742605085444e-12,7.674588114674209e-24,1.102997526328792e-15,-4.925189613015095e-25,1,train
009_binary.jpg,0.000869383974408545,2.991920159737563e-07,1.8050487593669634e-11,4.123385284707472e-12,2.4771149404778377e-23,6.554917951293749e-16,-2.553148565560156e-23,1,train
010_binary.jpg,0.0008069804006103478,2.5009290461339853e-07,9.355237187628293e-12,7.192298505158712e-13,-3.102723024427804e-25,-1.379649147173352e-16,-1.8396634313378424e-24,1,train
011_binary.jpg,0.0008069804006103478,2.5009290461339853e-07,9.355237187628293e-12,7.192298505158712e-13,-3.102723024427804e-25,-1.379649147173352e-16,-1.8396634313378424e-24,1,train
012_binary.jpg,0.0007945351393222974,2.342017707377437e-07,6.893366802395847e-12,5.029676747059642e-13,-1.3587078547838215e-25,-8.143870138241844e-17,-9.266305513155082e-25,1,train
013_binary.jpg,0.0008796970972481651,3.7091380496104116e-07,7.453955454786408e-12,1.8919766868082612e-12,7.071112973926605e-24,1.1362412810922912e-15,-6.935995311687313e-25,1,train
014_binary.jpg,0.0008988811351435442,4.070542626132172e-07,5.984019388419451e-12,1.5402197805648603e-12,4.608551056704402e-24,9.407166542343316e-16,-7.910968718329534e-25,1,train
015_binary.jpg,0.0009112810515459309,4.318437089932288e-07,4.771017430423064e-12,1.314633683707457e-12,3.2111535161134094e-24,7.887681413578943e-16,-7.269064276832829e-25,1,train
016_binary.jpg,0.0008873055570736152,3.8583405766537255e-07,1.8292582023209484e-12,4.677130708356379e-13,4.3202591261016015e-25,2.897333123122409e-16,-2.266769456107601e-26,1,train
017_binary.jpg,0.000868528432270694,3.5139552469307407e-07,1.6017794762007966e-12,2.036696060311772e-13,9.651511904198241e-26,8.843257109606698e-17,6.494179284939786e-26,1,train
018_binary.jpg,0.0008897129522815727,3.8722888640715454e-07,6.273327434500024e-12,1.0413895597095042e-12,2.0948507502787843e-24,3.644255001076804e-16,1.6421217328334858e-24,1,train
019_binary.jpg,0.000908341873154948,4.2289199229370335e-07,1.1078968160785795e-11,2.238135449010439e-12,9.515431558466098e-24,8.917964581897514e-16,5.8023349986179956e-24,1,train
020_binary.jpg,0.0009076097083775379,4.197147814162137e-07,1.4410982219826385e-11,2.9583606382940557e-12,1.6756158475699138e-23,1.2373095122443514e-15,9.609879213749584e-24,1,train
021_binary.jpg,0.0008771130310128215,3.6501009510203807e-07,1.1375356032186123e-11,2.5180484465644536e-12,1.2648935196003921e-23,1.2356915243374875e-15,4.6499193679086324e-24,1,train
022_binary.jpg,0.0008543417640873617,3.273544816634413e-07,1.0719294283159659e-11,2.585391202546717e-12,1.333484046180114e-23,1.368356457315307e-15,2.725140326050612e-24,1,train
023_binary.jpg,0.0007810800201706386,2.1597632636736512e-07,3.758520980421339e-12,2.9689166049739075e-13,4.3868183193507194e-26,-1.3162303464209763e-17,-3.1053803903695035e-25,1,train
024_binary.jpg,0.0008670937353544002,3.4071094699481836e-07,9.223020126998586e-12,2.211131023546407e-12,9.953989340354126e-24,1.276072591081169e-15,7.893139277128024e-25,1,train
025_binary.jpg,0.0008757562619472038,3.6017039711594286e-07,8.144490381811745e-12,2.058668449488275e-12,8.40796884181093e-24,1.2268749277174793e-15,-6.0474996902193425e-25,1,train
026_binary.jpg,0.0008788262662422639,3.708205203561101e-07,7.684934348050976e-12,1.9021512673599642e-12,7.234940525967054e-24,1.1413929136214546e-15,-7.388155468919164e-25,1,train
027_binary.jpg,0.0008963832520675762,4.035939320348086e-07,5.946273655728336e-12,1.499429159174423e-12,4.403454900864712e-24,9.06444890767801e-16,-8.095401200967507e-25,1,train
028_binary.jpg,0.0007877271278175183,2.2650727115176812e-07,5.3687536149634406e-12,5.392144944655729e-13,5.596920331944238e-25,1.0180184695582321e-16,-7.2694320068439045e-25,1,train
029_binary.jpg,0.0008263626468092681,2.7728466435515343e-07,1.0242346566715571e-11,9.195344391108948e-13,2.936080928802101e-26,-1.421933676992771e-16,-2.8218129668271872e-24,1,train
030_binary.jpg,0.0008297724370077374,2.8941568313272526e-07,1.2833023325053562e-11,9.405328252211269e-13,-1.2480914044394597e-24,-2.7063603589610883e-16,-3.0198191167552837e-24,1,train
031_binary.jpg,0.000801101703371081,2.4614647996820647e-07,8.040361036152356e-12,6.865756347494407e-13,3.9023539758021337e-25,8.096837958814717e-19,-1.565220932751143e-24,1,train
032_binary.jpg,0.0007911761144502818,2.3139086852562855e-07,6.139142110049099e-12,6.017348979130993e-13,6.476356846512857e-25,9.486987147451895e-17,-9.582060612728248e-25,1,train
033_binary.jpg,0.0008051043437104494,2.521284151469617e-07,8.53078510434759e-12,8.346361836499116e-13,1.0330043688761249e-24,8.293275872654164e-17,-1.9730407993110745e-24,1,train
034_binary.jpg,0.0007810800201706386,2.1597632636736512e-07,3.758520980421339e-12,2.9689166049739075e-13,4.3868183193507194e-26,-1.3162303464209763e-17,-3.1053803903695035e-25,1,train
035_binary.jpg,0.0008297485545372338,2.8994932676017847e-07,1.2910243463149193e-11,1.2497608711744333e-12,1.6143223933081711e-24,2.4649139833828877e-17,-4.753400250285957e-24,1,train
036_binary.jpg,0.0009668303434698417,5.258086878500223e-07,3.364382782009085e-11,3.6490906338341865e-12,1.839523693616994e-24,-6.952394916905954e-16,-4.039054703842636e-23,1,train
037_binary.jpg,0.0008763892066216044,3.6811179428038196e-07,1.5698721664749905e-11,1.3525156036818046e-12,-1.1688254524076049e-24,-3.2741327490226983e-16,-6.1216756845032e-24,1,train
038_binary.jpg,0.0008588421721572346,3.3644145593666745e-07,1.0837677646264207e-11,9.575705186360258e-13,-1.1093265159939457e-25,-1.129274396120569e-16,-3.0827851989468234e-24,1,train
039_binary.jpg,0.0008907844899578122,3.486564393199805e-07,1.7998237785753962e-11,2.3273494726010444e-12,-6.215144106274382e-25,-4.302321864451756e-16,-1.505003070979582e-23,1,train
040_binary.jpg,0.0008080144715687039,2.572391617930474e-07,7.880396230517603e-12,6.060761078945447e-13,-3.327131956628688e-26,-7.234779256984414e-17,-1.3241211305173408e-24,1,train
041_binary.jpg,0.0008091300497663886,2.5895649317422575e-07,7.956090721097798e-12,6.104541007945393e-13,-5.743500936353413e-26,-7.765722322476788e-17,-1.3441051648893638e-24,1,test
042_binary.jpg,0.0008910623972253601,3.9256270493827876e-07,2.919859323882089e-12,7.485835899852697e-13,1.1065380837761156e-24,4.690184630006488e-16,-2.0573507889269937e-26,1,test
043_binary.jpg,0.0008091300497663886,2.5895649317422575e-07,7.956090721097798e-12,6.104541007945393e-13,-5.743500936353413e-26,-7.765722322476788e-17,-1.3441051648893638e-24,1,test
044_binary.jpg,0.0007899636907731907,2.2937429005655244e-07,6.261032301686529e-12,7.691408200080928e-13,1.3601988580753261e-24,2.3092659049823963e-16,-9.993344496939482e-25,1,test
045_binary.jpg,0.0007879568317254316,2.2702981984379603e-07,5.1873995440921315e-12,4.0374293305683724e-13,6.055880184649837e-26,-2.2995552345764446e-17,-5.811483501910357e-25,1,test
046_binary.jpg,0.0008089606167297888,2.509440572287508e-07,9.360677785427153e-12,7.20352612666904e-13,-4.195368748565891e-25,-1.547267413721054e-16,-1.822903954045229e-24,1,test
047_binary.jpg,0.0007879568317254316,2.2702981984379603e-07,5.1873995440921315e-12,4.0374293305683724e-13,6.055880184649837e-26,-2.2995552345764446e-17,-5.811483501910357e-25,1,test
048_binary.jpg,0.0007899636907731907,2.2937429005655244e-07,6.261032301686529e-12,7.691408200080928e-13,1.3601988580753261e-24,2.3092659049823963e-16,-9.993344496939482e-25,1,test
049_binary.jpg,0.0008061015178789596,2.5154468827521784e-07,1.195620235593012e-11,1.4153244169664534e-12,4.0466070847809364e-24,3.188044359993462e-16,-4.185925271635132e-24,1,test
050_binary.jpg,0.000846320713236803,3.129083057758928e-07,2.0322482671294677e-11,2.2241611451936545e-12,6.417774856618138e-24,1.3632120547012476e-16,-1.350607555141127e-23,1,test
051_binary.jpg,0.0010155620464229157,6.185812467495841e-07,5.118752986086635e-11,2.5205696124527498e-11,9.02764245047313e-22,1.884009377368881e-14,6.875151031714731e-23,2,train
052_binary.jpg,0.0008962382608031536,3.948575338096787e-07,2.021461478716226e-11,7.616826986486587e-12,9.450507036969419e-23,4.782450480288114e-15,-1.2626900691050977e-24,2,train
053_binary.jpg,0.0008940040002192208,3.9395172440217893e-07,1.561730494244617e-11,5.537972964081538e-12,5.150058215498589e-23,3.474133786274494e-15,-4.577446124009417e-25,2,train
054_binary.jpg,0.0008943519193496296,3.954780911742477e-07,1.5192846802065586e-11,5.5461620350470325e-12,5.090238084188032e-23,3.483878022952104e-15,9.160444073410065e-25,2,train
055_binary.jpg,0.0009002770889257907,4.035339812265767e-07,1.8679938973373157e-11,6.796939554527716e-12,7.652010722405876e-23,4.3177006885541905e-15,-3.2119862665827688e-24,2,train
056_binary.jpg,0.0009092020305315817,4.185900745680332e-07,2.181965927325598e-11,8.37197795720381e-12,1.1297563135361163e-22,5.4154119970707565e-15,-6.3332086209743134e-24,2,train
057_binary.jpg,0.0009135948204263317,4.255778646705845e-07,2.3737384789277196e-11,9.388070499270495e-12,1.399644340039846e-22,6.12369855939813e-15,-7.133048185604027e-24,2,train
058_binary.jpg,0.00092067178445369,4.368778698104897e-07,2.6821854633871138e-11,1.1032497419013425e-11,1.8956357295187124e-22,7.291939415895862e-15,-9.103939224881516e-24,2,train
059_binary.jpg,0.0009265241960261431,4.446966199424797e-07,2.914458542118231e-11,1.2522940148416563e-11,2.3771859610429005e-22,8.345372289696412e-15,-2.696034805268983e-23,2,train
060_binary.jpg,0.0009271012556471264,4.467655966852224e-07,2.9086476818207756e-11,1.2661081442641487e-11,2.4244504035514453e-22,8.462198452436955e-15,-1.5955601850327938e-23,2,train
061_binary.jpg,0.0009294332194942319,4.4902925559261547e-07,2.941256810129528e-11,1.3437797731374042e-11,2.656393813847465e-22,9.000476600676283e-15,-2.8389671849487785e-23,2,train
062_binary.jpg,0.0009304951784518242,4.5167727284935846e-07,2.964840042390205e-11,1.363363051605305e-11,2.7360523031916886e-22,9.162649429514355e-15,-1.655475151151593e-23,2,train
063_binary.jpg,0.0009311413410762661,4.532202366290988e-07,2.950371763302909e-11,1.3540960454873294e-11,2.7051930699222407e-22,9.106335955005337e-15,-8.500597152501993e-24,2,train
064_binary.jpg,0.0009331040994531616,4.5577509348576917e-07,2.9846226980064196e-11,1.4070542749719495e-11,2.8803917282779965e-22,9.482290309728658e-15,-1.3256165856074167e-23,2,train
065_binary.jpg,0.0009334006073103383,4.559858250055125e-07,3.040102925763727e-11,1.4365419270321905e-11,3.001075697206315e-22,9.659802997408321e-15,-7.74702857147573e-24,2,train
066_binary.jpg,0.0009300721613072587,4.512328542141276e-07,2.993018253709287e-11,1.3506763553718553e-11,2.7154791943538313e-22,8.983131258198167e-15,3.454964207624237e-24,2,train
067_binary.jpg,0.0009296606269629282,4.5037626273836935e-07,3.0001804664759105e-11,1.3415918739729133e-11,2.6910750897381603e-22,8.888337420501225e-15,5.1171524396200345e-24,2,train
068_binary.jpg,0.000927268075928933,4.4709730198152513e-07,2.9467510577711134e-11,1.2687278219205209e-11,2.4512313221463854e-22,8.325486344224662e-15,9.70497876368277e-24,2,train
069_binary.jpg,0.0009261589742476253,4.456523546580976e-07,2.799416478154265e-11,1.1874698412095773e-11,2.1631575105969506e-22,7.754139332651714e-15,9.046997380154798e-24,2,train
070_binary.jpg,0.0009230506039558813,4.4155055333075475e-07,2.5832663787901148e-11,1.0558828193927253e-11,1.7414559982940933e-22,6.837847650302376e-15,9.127210756085452e-24,2,train
071_binary.jpg,0.0009186365773613766,4.352917006264733e-07,2.3630152708328818e-11,9.074722477505657e-12,1.3243769807598735e-22,5.7884321795870704e-15,1.0921336648178202e-23,2,train
072_binary.jpg,0.0009169538076670191,4.3267576388038727e-07,2.2915211188341262e-11,8.651379876847845e-12,1.213409207477132e-22,5.490359511092514e-15,1.0702317545052582e-23,2,train
073_binary.jpg,0.0009153927695707703,4.300681351456179e-07,2.2265450311060243e-11,8.38125229070264e-12,1.1405928076425418e-22,5.304403046824701e-15,9.956817760326468e-24,2,train
074_binary.jpg,0.0009130134379288857,4.267557188520159e-07,2.123218231069132e-11,7.652265810493184e-12,9.702496395424572e-23,4.785753246182061e-15,1.000959882513444e-23,2,train
075_binary.jpg,0.0009105756663221573,4.2301889851522734e-07,2.026370837552545e-11,7.105012997203207e-12,8.472658691919638e-23,4.403365340150577e-15,9.454241340823913e-24,2,train
076_binary.jpg,0.0009060829544253214,4.155995048822156e-07,1.877481456989706e-11,6.4527147167232455e-12,7.057938509533133e-23,3.9543865099723005e-15,7.92939424301603e-24,2,train
077_binary.jpg,0.0009033585058581858,4.1123093520385295e-07,1.799721452540084e-11,6.1095676255046735e-12,6.364987121403239e-23,3.7183647865944e-15,7.278148560620943e-24,2,train
078_binary.jpg,0.0008971831929745263,4.003895651358885e-07,1.637878117041233e-11,5.6082751756410715e-12,5.343178833956968e-23,3.3844946792254244e-15,5.847241167312425e-24,2,train
079_binary.jpg,0.000894877742148185,3.9628760524041686e-07,1.5793199184835016e-11,5.512713285185688e-12,5.1167279187291705e-23,3.3198597542276447e-15,5.269374084020499e-24,2,train
080_binary.jpg,0.0008921722564757379,3.9119188974244065e-07,1.5529085030603384e-11,5.5238436582506e-12,5.090117320131279e-23,3.31463772176414e-15,5.144899548251754e-24,2,train
081_binary.jpg,0.0008902634695138442,3.876289917309275e-07,1.524832209283969e-11,5.501078687559359e-12,5.011146381788728e-23,3.2849499017211098e-15,5.222427300265236e-24,2,train
082_binary.jpg,0.00088754734713547,3.826039606693717e-07,1.471877130464201e-11,5.3810525928556575e-12,4.761516460411228e-23,3.1984297633347188e-15,5.1148373443201654e-24,2,train
083_binary.jpg,0.0008877091668509847,3.822070464287354e-07,1.4303018307783047e-11,5.416014562380956e-12,4.728917429875287e-23,3.19558025563174e-15,6.003484215916729e-24,2,train
084_binary.jpg,0.0008867227049958239,3.8103194481450834e-07,1.375330403702955e-11,5.136923232683466e-12,4.290183058407686e-23,3.049685127684341e-15,4.8718532738714205e-24,2,train
085_binary.jpg,0.0008852249253055579,3.7771933030697774e-07,1.4027086968325785e-11,5.270862893885375e-12,4.4952342182628385e-23,3.109605438266421e-15,5.774484783081809e-24,2,train
086_binary.jpg,0.0008847465726422881,3.766841505707618e-07,1.3710851058378482e-11,5.2714564583069215e-12,4.442700984812336e-23,3.1152029147204574e-15,5.888027943025442e-24,2,train
087_binary.jpg,0.0008835814061150568,3.7407558281333225e-07,1.4006414745009831e-11,5.35493185483292e-12,4.596290512006906e-23,3.1742413472858387e-15,6.177045088164156e-24,2,train
088_binary.jpg,0.0008817587302931399,3.695242617241586e-07,1.5863240477599865e-11,6.04303064309069e-12,5.862906878263348e-23,3.580292665183653e-15,7.958869350457458e-24,2,train
089_binary.jpg,0.000881586507088853,3.6887421008723557e-07,1.600065560088576e-11,6.188635523296169e-12,6.064278737877339e-23,3.621971819970231e-15,1.0720322665502345e-23,2,train
090_binary.jpg,0.0008819281979123865,3.6842676643730796e-07,1.6398913272401512e-11,6.439272526701297e-12,6.457111235352807e-23,3.74257112354635e-15,1.4459349532991154e-23,2,train
091_binary.jpg,0.0008805360585601457,3.652481603292046e-07,1.7242232325020374e-11,6.3569695819953185e-12,6.564627918020529e-23,3.7049350665658935e-15,1.0952430859135452e-23,2,test
092_binary.jpg,0.0008820751917856047,3.6703514433033e-07,1.8282195546006013e-11,6.8298276446053684e-12,7.514150317883744e-23,3.990171030575916e-15,1.3350662299470804e-23,2,test
093_binary.jpg,0.0008830977669384909,3.6869155666711307e-07,1.940517970961816e-11,7.22144816217531e-12,8.454759441015671e-23,4.253244826142289e-15,1.2632105019090389e-23,2,test
094_binary.jpg,0.0008851241568904946,3.7115660174511254e-07,2.0011393973830475e-11,7.41039566751151e-12,8.888170078400562e-23,4.361947781649899e-15,1.5600124167968556e-23,2,test
095_binary.jpg,0.0008879062801414317,3.761982928927746e-07,2.0430686502509698e-11,7.534271958492291e-12,9.19357498128445e-23,4.446646349886447e-15,1.6903053674810116e-23,2,test
096_binary.jpg,0.0008927836536922646,3.849359235825772e-07,2.0270891060410185e-11,7.347015617676551e-12,8.783306363757311e-23,4.3527892725317485e-15,1.8011702392352366e-23,2,test
097_binary.jpg,0.0008951690295274948,3.907385153444124e-07,1.8747097856930985e-11,6.9341800495508505e-12,7.854429815812944e-23,4.187091572864723e-15,9.019969681880133e-24,2,test
098_binary.jpg,0.00089596660056975,3.926025086189864e-07,1.7954011566911744e-11,6.613706503339442e-12,7.173492661384136e-23,4.018069998652094e-15,6.93053079170185e-24,2,test
099_binary.jpg,0.0008963206452592985,3.939615114134518e-07,1.6982328740949753e-11,6.371346747761218e-12,6.608638018045417e-23,3.9035893286253145e-15,4.9879816047568885e-24,2,test
100_binary.jpg,0.0008957855799437024,3.935389896664197e-07,1.6090707033551558e-11,6.137588608249953e-12,6.084774645733176e-23,3.7887982711418405e-15,4.215482403776804e-24,2,test
101_binary.jpg,0.000881586507088853,3.6887421008723557e-07,1.600065560088576e-11,6.188635523296169e-12,6.064278737877339e-23,3.621971819970231e-15,1.0720322665502345e-23,3,train
102_binary.jpg,0.0008073952811355545,2.4042208681618864e-07,2.07466892952611e-11,6.848428621292999e-12,8.142238161463672e-23,3.1672222763141857e-15,-5.847255491727348e-24,3,train
103_binary.jpg,0.0008172638187407642,2.5376874350840614e-07,2.6745210682003635e-11,9.436625440001599e-12,1.4971823095547124e-22,4.55526561090534e-15,-7.698629239041768e-24,3,train
104_binary.jpg,0.000846691850693964,3.016240601784011e-07,3.171396063706278e-11,1.1754122109425682e-11,2.261897527479732e-22,6.020356950204444e-15,-1.8434693870817148e-23,3,train
105_binary.jpg,0.0008415483055573856,2.9170196867166456e-07,3.40201634686987e-11,1.3165426504737029e-11,2.782524783478218e-22,6.807055523719778e-15,-1.4409490267901976e-23,3,train
106_binary.jpg,0.0008346365775874322,2.7858530184981165e-07,3.6274901707306354e-11,1.4439236877123063e-11,3.30298472386684e-22,7.412171792506896e-15,-1.0345292676314605e-23,3,train
107_binary.jpg,0.0008311072158160293,2.7114380196134036e-07,3.947212257775566e-11,1.6164164995578118e-11,4.0824460553624767e-22,8.282214647469116e-15,-6.479717168757094e-24,3,train
108_binary.jpg,0.0008255586634149843,2.600418493866216e-07,4.2008135257857576e-11,1.7479249297502774e-11,4.736427141473153e-22,8.836825566958462e-15,-7.527931917210303e-26,3,train
109_binary.jpg,0.0007970253817017292,2.13156255800572e-07,3.683034571420155e-11,1.4593845827008163e-11,3.382964936738253e-22,6.70602698610429e-15,5.625256014432242e-24,3,train
110_binary.jpg,0.0007921800074009396,2.0668748910484564e-07,3.273137662378202e-11,1.3059454826995564e-11,2.699527445776847e-22,5.9174239495178844e-15,5.245074408000223e-24,3,train
111_binary.jpg,0.0008036667820868347,2.2517864089582263e-07,3.287979797808895e-11,1.395448903527159e-11,2.9886357671192357e-22,6.6070083525481055e-15,5.070232800658367e-24,3,train
112_binary.jpg,0.0008193549473594612,2.5370407759498603e-07,2.8445026584255206e-11,1.2793800790900573e-11,2.440192864725466e-22,6.442162602203337e-15,4.636937769602841e-24,3,train
113_binary.jpg,0.0008282499941585668,2.7020977812326465e-07,2.672711098378479e-11,1.2110080146273858e-11,2.178184519572999e-22,6.2948076521215845e-15,4.718305976657108e-24,3,train
114_binary.jpg,0.0008436761425165678,2.97223720963016e-07,2.720189951582641e-11,1.2329396803079679e-11,2.256730200219882e-22,6.702904718023741e-15,7.389852704815977e-24,3,train
115_binary.jpg,0.0008506810804392897,3.1043395816525424e-07,2.5371173886714873e-11,1.1319248872692597e-11,1.9161128557655938e-22,6.249569622871902e-15,8.972365299718198e-24,3,train
116_binary.jpg,0.0008237523199337131,2.687661099492788e-07,1.7501519574523958e-11,6.996471041601261e-12,7.729179657615625e-23,3.592595686780725e-15,4.4637359496505966e-24,3,train
117_binary.jpg,0.0008396478030172362,2.93397317453425e-07,2.1848076281839765e-11,9.284141210357814e-12,1.3205706053498938e-22,4.979249736145604e-15,6.696033123096839e-24,3,train
118_binary.jpg,0.000810842677936573,2.491193291974391e-07,1.4515904379447434e-11,5.488152782378166e-12,4.886960998482255e-23,2.70324912499457e-15,3.357357178226466e-24,3,train
119_binary.jpg,0.0007975468323719184,2.2767143972031897e-07,1.371492990597804e-11,4.943591877394736e-12,4.0637398104814015e-23,2.3422930059037675e-15,2.365952555159186e-24,3,train
120_binary.jpg,0.0007750286368914171,1.9282046475548824e-07,1.2268893634935997e-11,3.900845071189522e-12,2.698559290298743e-23,1.6994795108103827e-15,-1.7168460952554338e-25,3,train
121_binary.jpg,0.0007804848449466315,2.0138895202831246e-07,1.2223799717201003e-11,4.084352966090069e-12,2.8838787963611764e-23,1.831953542503563e-15,1.0917958501502696e-24,3,train
122_binary.jpg,0.0007795293883665093,2.0022100521631185e-07,1.2289697106474719e-11,3.831184941872883e-12,2.6281672283257226e-23,1.681912230055416e-15,-6.108398559996566e-25,3,train
123_binary.jpg,0.0008056040563573781,2.3789539965662168e-07,2.05747716378336e-11,6.772025821460612e-12,7.977661436936539e-23,3.1341580933094395e-15,-5.0541464031334735e-24,3,train
124_binary.jpg,0.0007907055066570569,2.164829302369759e-07,1.5240982891811567e-11,4.6697864376342e-12,3.92979175739201e-23,2.0530592545110656e-15,-2.778073425597756e-24,3,train
125_binary.jpg,0.0008138747799821299,2.5065722458636024e-07,2.2766657983861625e-11,7.677286642392491e-12,1.0129319124959961e-22,3.6438091192679265e-15,-6.458580229647301e-24,3,train
126_binary.jpg,0.000817821085649752,2.5516842480450165e-07,2.6849735184700305e-11,9.537963627108894e-12,1.524317789981157e-22,4.619277984526973e-15,-7.869426252261907e-24,3,train
127_binary.jpg,0.000811736482962571,2.4383117028369403e-07,2.8276573542989796e-11,1.0218388730708227e-11,1.73621449919463e-22,4.903104454386496e-15,-5.0501558121828866e-24,3,train
128_binary.jpg,0.0008255873498619829,2.639404147193025e-07,3.5506662726453835e-11,1.3945070418268027e-11,3.102409539417769e-22,7.025057440545191e-15,-6.205757454344605e-24,3,train
129_binary.jpg,0.00081957006232581,2.527303842379711e-07,3.6578493674453746e-11,1.4596830017238863e-11,3.372849636685674e-22,7.246286164170609e-15,-1.4023632830377749e-24,3,train
130_binary.jpg,0.0008041920533264817,2.273013952845718e-07,3.403738371832024e-11,1.3326694355168364e-11,2.838143262913917e-22,6.3067844626102834e-15,3.189807212868221e-24,3,train
131_binary.jpg,0.000792979132635875,2.1117014165090206e-07,2.7767555979656368e-11,1.0931550611680486e-11,1.9042219184996907e-22,5.006875900650724e-15,3.513720711870028e-24,3,train
132_binary.jpg,0.0007828863378616714,2.014338162204341e-07,2.2077351556937296e-11,7.572730155077479e-12,9.791272867593346e-23,3.395743684883357e-15,-7.592057412508491e-25,3,train
133_binary.jpg,0.0007816294154962018,2.00123423579207e-07,2.076388434728692e-11,7.046012638170249e-12,8.522190168643153e-23,3.1502101032043218e-15,-7.803583549319566e-25,3,train
134_binary.jpg,0.0007829589218694779,2.0396178445989267e-07,1.7888087971817117e-11,6.033664710967794e-12,6.267802646758865e-23,2.7233672186167218e-15,-8.336081302978288e-25,3,train
135_binary.jpg,0.0007825117472855714,2.0493340115693059e-07,1.4440627900255048e-11,4.886343609632717e-12,4.104149393268263e-23,2.2101411078280895e-15,-5.966157611480535e-25,3,train
136_binary.jpg,0.0007808167451605252,2.0083617929275243e-07,1.7281701725795286e-11,5.832666767857979e-12,5.855725919337662e-23,2.6114673597890845e-15,-4.575778908434501e-25,3,train
137_binary.jpg,0.0007776353827135825,1.9894800918399922e-07,1.1504951727452673e-11,3.756211940341032e-12,2.4692186955668797e-23,1.6693165988764983e-15,-1.4966200760045556e-25,3,train
138_binary.jpg,0.0007766118360455392,1.975762627938604e-07,1.109901289794797e-11,3.5890457222239026e-12,2.2652088499241064e-23,1.585420422393771e-15,7.55402082019881e-26,3,train
139_binary.jpg,0.0007755886272889359,1.9643415494006003e-07,1.070498728201971e-11,3.419621535213494e-12,2.068984966719871e-23,1.5056092231172448e-15,7.439935323257031e-26,3,train
140_binary.jpg,0.0007736611728293859,1.9352033644527887e-07,9.573856068425062e-12,2.995271330715137e-12,1.603962608735931e-23,1.3046494228712818e-15,6.404144131958144e-26,3,train
141_binary.jpg,0.0007729853697618622,1.927951338719101e-07,9.510228476603297e-12,2.9834509885612113e-12,1.5891363590859613e-23,1.2968899829146808e-15,1.2140144237210265e-25,3,test
142_binary.jpg,0.0007760390125806988,1.974081773327763e-07,9.831876644760825e-12,3.1690580698990138e-12,1.7688471057729394e-23,1.3951146009050752e-15,1.828828185960147e-25,3,test
143_binary.jpg,0.0007758757274982586,1.97108864009323e-07,9.683747241029225e-12,3.1322420681899743e-12,1.7249547798472366e-23,1.3757405958592244e-15,1.9229972131040296e-25,3,test
144_binary.jpg,0.0007807866468513673,2.0409508427483142e-07,1.1408539659028191e-11,3.759949992588371e-12,2.4621667559482193e-23,1.6825678414709844e-15,4.442096197030084e-25,3,test
145_binary.jpg,0.00078018368402367,2.0320149749592897e-07,1.1521620402346609e-11,3.804651716748517e-12,2.518458502825251e-23,1.6978084481283466e-15,5.249990445930724e-25,3,test
146_binary.jpg,0.0007839486836518023,2.0846039391145615e-07,1.2501760889196474e-11,4.237506707812055e-12,3.0836940838482324e-23,1.9154011181063683e-15,5.91588764698664e-25,3,test
147_binary.jpg,0.0007816234558296261,2.0465595276224872e-07,1.3137580640385835e-11,4.383200541825624e-12,3.325845006307523e-23,1.968168308367155e-15,4.66418399293131e-25,3,test
148_binary.jpg,0.0007834249429270517,2.0564053689809494e-07,1.5180247868163024e-11,5.2512057203537024e-12,4.6883516382126426e-23,2.3685873289463774e-15,2.810416837524903e-25,3,test
149_binary.jpg,0.0007813785347968352,2.0225586971436039e-07,1.588951998654284e-11,5.350242349566465e-12,4.932987994543555e-23,2.3956127525559166e-15,2.4854334767635556e-25,3,test
150_binary.jpg,0.000777935481988333,1.9587569926110878e-07,1.7346874870171533e-11,5.801417268395457e-12,5.819788509135607e-23,2.564323983374811e-15,-2.671385563651345e-25,3,test
151_binary.jpg,0.0007888801976447058,2.126648732550517e-07,1.87756367766017e-11,6.597878184033905e-12,7.343339842155013e-23,3.037833455517092e-15,-5.020481959317207e-25,4,train
152_binary.jpg,0.000663305592843722,1.1638488272563953e-08,7.8490695406636e-12,2.191946133701807e-14,-5.21004476117985e-27,-2.1301385796132034e-18,-7.451026454223885e-27,4,train
153_binary.jpg,0.00066311306480979,1.1609890177476854e-08,7.760680259796908e-12,2.185649864129641e-14,-5.116931026324432e-27,-2.1236907500104312e-18,-7.40582330500547e-27,4,train
154_binary.jpg,0.0006630837418848171,1.161703831154214e-08,7.778597723272096e-12,2.149376423449504e-14,-4.929278383058882e-27,-2.0944567245853863e-18,-7.27609718597949e-27,4,train
155_binary.jpg,0.0006630520330418473,1.1613556636249263e-08,7.756895156876621e-12,2.178315086908842e-14,-5.0776222823724924e-27,-2.11886061921601e-18,-7.375282511237373e-27,4,train
156_binary.jpg,0.0006630278651660888,1.1587011549466048e-08,7.779049224752926e-12,2.123778305279097e-14,-4.8406366551330555e-27,-2.0665487369481155e-18,-7.147378074058593e-27,4,train
157_binary.jpg,0.0006630980836467003,1.160269790845384e-08,7.77804185811519e-12,2.2101142035158462e-14,-5.154917597480679e-27,-2.1517850404597075e-18,-7.575945039761629e-27,4,train
158_binary.jpg,0.000664404086324929,1.1879160749668311e-08,7.550326435169792e-12,2.0912632584539423e-14,-2.23265282374417e-27,-2.226736513308101e-18,-8.004357563721884e-27,4,train
159_binary.jpg,0.0006645069727528282,1.1854126278212369e-08,7.546303967253624e-12,2.0071948642570468e-14,-1.5871703992691028e-27,-2.1513380257275508e-18,-7.648869466767417e-27,4,train
160_binary.jpg,0.0006631211438920574,1.1628303333794408e-08,7.798707013893065e-12,2.1897245556206836e-14,-5.0062077403618834e-27,-2.1391312018044145e-18,-7.537929402009981e-27,4,train
161_binary.jpg,0.0006644251902282404,1.1860118776173593e-08,7.551529377215526e-12,2.0795286920717775e-14,-2.127697832137493e-27,-2.2143423544753162e-18,-7.961298042279496e-27,4,train
162_binary.jpg,0.0006646281104567077,1.1812476179291394e-08,7.768353591012202e-12,2.1793499148276103e-14,-3.090592744837687e-27,-2.2713461117893224e-18,-8.417731478896008e-27,4,train
163_binary.jpg,0.0006645556302753931,1.1879698584496965e-08,7.561143749960842e-12,2.0895558805707616e-14,-2.1043725924201064e-27,-2.2296145498763184e-18,-8.03466174437423e-27,4,train
164_binary.jpg,0.0006630862737000988,1.1640505040847768e-08,7.77000915688078e-12,2.1120650405677488e-14,-4.7622550517130096e-27,-2.0636782627086754e-18,-7.108190591455213e-27,4,train
165_binary.jpg,0.0006644758791977742,1.1858553318332308e-08,7.446271234304227e-12,2.2583279145126734e-14,-3.1416960343377253e-27,-2.368996338973878e-18,-8.711643093925345e-27,4,train
166_binary.jpg,0.0006631480005724636,1.161710549014872e-08,7.770710961388359e-12,2.2002233445094504e-14,-4.9417526039117904e-27,-2.1579639283238103e-18,-7.638508637130556e-27,4,train
167_binary.jpg,0.0006630559313301566,1.1599847463973985e-08,7.758037650415245e-12,2.1763034801429602e-14,-5.112936257440811e-27,-2.111374255623538e-18,-7.336537423868054e-27,4,train
168_binary.jpg,0.0006606898922129651,1.2389514532705803e-08,9.401739577635877e-12,1.1566670505519388e-15,1.2059752559016163e-28,-6.432102845674759e-20,-2.289625565991723e-30,4,train
169_binary.jpg,0.0006630826018464576,1.1611622372506724e-08,7.774381344331766e-12,2.2345338716770903e-14,-5.2780367793333264e-27,-2.17373298423517e-18,-7.673576444938515e-27,4,train
170_binary.jpg,0.0006646370067677163,1.1878067233312362e-08,7.59445216600178e-12,2.259959602661503e-14,-2.7150028344670926e-27,-2.3980922147079904e-18,-8.960365879814522e-27,4,train
171_binary.jpg,0.000663206763270319,1.1617891412449959e-08,7.775788029943857e-12,2.2500495942267657e-14,-5.371475341989057e-27,-2.185877713064622e-18,-7.72814305816172e-27,4,train
172_binary.jpg,0.0006644474490395253,1.1882971581213824e-08,7.538659456912959e-12,2.102500368568279e-14,-2.444863363187413e-27,-2.2306360148608102e-18,-8.005488325338976e-27,4,train
173_binary.jpg,0.0006644104631518038,1.18491463954716e-08,7.538959278739921e-12,2.247497956539154e-14,-2.788826273636265e-27,-2.3770595231336877e-18,-8.820983259796062e-27,4,train
174_binary.jpg,0.0006631974952070781,1.1672028006598144e-08,7.727472606376606e-12,2.267258975111761e-14,-5.405762815243779e-27,-2.209207004893404e-18,-7.799972969461899e-27,4,train
175_binary.jpg,0.0006607403519820259,1.2287912431110181e-08,9.296103736951923e-12,1.3169424484173888e-15,1.3759898626251547e-28,-9.832579912044877e-20,-4.794819724722423e-29,4,train
176_binary.jpg,0.0006645342421018368,1.1894386709088784e-08,7.580317779777616e-12,2.075504746105278e-14,-2.0894658012703743e-27,-2.2149997397353302e-18,-7.962878142900463e-27,4,train
177_binary.jpg,0.0006630959539301194,1.1637457477561098e-08,7.730658113986445e-12,2.1501820021134307e-14,-4.828142158643856e-27,-2.108081747877811e-18,-7.317016864807579e-27,4,train
178_binary.jpg,0.0006644889468821295,1.1833002298414086e-08,7.549454687418485e-12,2.123625972949938e-14,-2.125996561958877e-27,-2.261544791341436e-18,-8.232984365610987e-27,4,train
179_binary.jpg,0.000662422364871786,1.1681383971641708e-08,8.03097412064876e-12,1.4268287375406426e-14,-2.272076030513863e-27,-1.4394503153878264e-18,-4.2621598915509374e-27,4,train
180_binary.jpg,0.0006644445265903206,1.1883681763011332e-08,7.541071493550509e-12,2.0951481292772583e-14,-2.119079456217702e-27,-2.2362701288189087e-18,-8.053845021084522e-27,4,train
181_binary.jpg,0.0006631460843946136,1.1636562000112134e-08,7.739875007272048e-12,2.1747077711623803e-14,-4.888776833300292e-27,-2.1316856633385024e-18,-7.46352373174308e-27,4,train
182_binary.jpg,0.000661834797970572,1.1988560916086123e-08,8.590689663025268e-12,6.032223446385164e-15,-7.863966060416628e-29,-6.594671965220716e-19,-1.3709348477860638e-27,4,train
183_binary.jpg,0.0006630610485010297,1.1597123853179256e-08,7.753418784074621e-12,2.196044098788184e-14,-5.215166819187445e-27,-2.126109252361107e-18,-7.410525261477239e-27,4,train
184_binary.jpg,0.0006631631971298997,1.1589373060795438e-08,7.766404624763828e-12,2.1340502164483713e-14,-4.5655878325695675e-27,-2.103766325490305e-18,-7.391600624680856e-27,4,train
185_binary.jpg,0.0006645659615080216,1.1874799432376095e-08,7.543797701385237e-12,2.139113558247388e-14,-2.1558051995905627e-27,-2.2825621560621646e-18,-8.318201806341499e-27,4,train
186_binary.jpg,0.000664434426078141,1.1869913724707903e-08,7.544717293603015e-12,2.0974086824623918e-14,-2.0282039217337837e-27,-2.240389611122707e-18,-8.093187148283275e-27,4,train
187_binary.jpg,0.0006626037612545595,1.17814791829531e-08,7.976035582200347e-12,1.5064537921292537e-14,-2.465844050509395e-27,-1.5285552998691227e-18,-4.603008920603112e-27,4,train
188_binary.jpg,0.000663058542155379,1.1567372731754943e-08,7.74737771801529e-12,2.157771228610935e-14,-4.745283876479859e-27,-2.114599359461143e-18,-7.437510540923764e-27,4,train
189_binary.jpg,0.0006631380721626805,1.1598822290176203e-08,7.789478848517522e-12,2.1729885940025276e-14,-4.946502939361608e-27,-2.123109199455417e-18,-7.446929472101191e-27,4,train
190_binary.jpg,0.000664452933955902,1.1862351291639527e-08,7.566275743871855e-12,2.0927957204735255e-14,-2.128188495020525e-27,-2.230881051437142e-18,-8.051298220620269e-27,4,train
191_binary.jpg,0.00066072083253337,1.2355914634769381e-08,9.395227729450511e-12,1.105160197780012e-15,1.1167334671187085e-28,-5.087507707209835e-20,1.452327373117182e-29,4,test
192_binary.jpg,0.0006644877967758098,1.1882972086414623e-08,7.55144451231574e-12,2.0821616532274138e-14,-1.973456106431507e-27,-2.226621905320007e-18,-8.017003381700233e-27,4,test
193_binary.jpg,0.0006645858913980425,1.1869813459719997e-08,7.571423090170674e-12,2.1399991996150694e-14,-2.2015954672431673e-27,-2.2818060862151147e-18,-8.327991654294913e-27,4,test
194_binary.jpg,0.000663204389348361,1.2267024857772388e-08,8.362987126383625e-12,6.384888284112894e-15,7.702742323696598e-28,-6.620127914304743e-19,-1.2583686588523333e-27,4,test
195_binary.jpg,0.0006644739833795218,1.1905067128033409e-08,7.54453891985296e-12,2.0931653152800222e-14,-2.2436601155045932e-27,-2.2305672235948808e-18,-8.009743015733534e-27,4,test
196_binary.jpg,0.000664483525994809,1.1878030724732587e-08,7.578680979830224e-12,2.142088672807181e-14,-2.3617268367451184e-27,-2.2781609871041623e-18,-8.301422534712888e-27,4,test
197_binary.jpg,0.0006643073443233641,1.1815128728826483e-08,7.561008807442918e-12,2.0780616849593155e-14,-2.2186133120191723e-27,-2.2060377851390773e-18,-7.932752793427432e-27,4,test
198_binary.jpg,0.0006642761232433099,1.1931041321719727e-08,7.687555678719e-12,1.770473704482106e-14,-1.2621155872101149e-27,-1.908828912104971e-18,-6.4086338191773994e-27,4,test
199_binary.jpg,0.0006630099666995149,1.1558162301451074e-08,7.765989768001251e-12,2.1707316388757615e-14,-5.0320275844093415e-27,-2.1073531657096997e-18,-7.356242665708405e-27,4,test
200_binary.jpg,0.0006646224842092959,1.1866883884336866e-08,7.518406136390295e-12,2.101025172753669e-14,-1.7867434841195086e-27,-2.252238952171727e-18,-8.157053950377451e-27,4,test
201_binary.jpg,0.0006631807688646781,1.163687732049757e-08,7.770827346301169e-12,2.1646863648470742e-14,-4.960893904619033e-27,-2.112942248326727e-18,-7.3629066640278e-27,5,train
202_binary.jpg,0.0008609955445814938,3.2025382559869446e-07,1.3486818246489552e-11,6.12509950733811e-12,5.565353334172232e-23,3.4612957449264407e-15,-1.3709733011062655e-24,5,train
203_binary.jpg,0.0010395930064562133,6.667016820918282e-07,5.844684066683904e-11,2.579824243044795e-11,9.939050815268953e-22,1.8998731402397127e-14,-1.252401295868238e-22,5,train
204_binary.jpg,0.000918284676447484,4.210460044973591e-07,4.1646532602533345e-11,1.7736769992115723e-11,4.806943119727326e-22,1.0590757105887412e-14,-3.626238267161988e-23,5,train
205_binary.jpg,0.0008610213326514763,3.2030964220840845e-07,1.3514594862143149e-11,6.134679800767269e-12,5.584113610076637e-23,3.466947669165581e-15,-1.393168629524158e-24,5,train
206_binary.jpg,0.0008610284107150256,3.202526236126493e-07,1.3521573100112743e-11,6.1406472667588114e-12,5.593761325097245e-23,3.469999863608951e-15,-1.3736321364485747e-24,5,train
207_binary.jpg,0.0008609913784584025,3.2023513839482313e-07,1.3502519167344259e-11,6.130913149332258e-12,5.576479240153317e-23,3.464392419891157e-15,1.3909438978684404e-24,5,train
208_binary.jpg,0.0008609933340043762,3.201849767041724e-07,1.34828730274959e-11,6.1222786108363965e-12,5.560717483089207e-23,3.4593645452719166e-15,-1.3609214687954417e-24,5,train
209_binary.jpg,0.0008610209143765518,3.202780441706676e-07,1.3464773954719519e-11,6.115928164903333e-12,5.548338368662518e-23,3.4563032906649162e-15,1.3585841266276876e-24,5,train
210_binary.jpg,0.0008609883742757706,3.2025080931426404e-07,1.350772196434201e-11,6.130144530609413e-12,5.576472967062354e-23,3.464006768551965e-15,1.4036017689905628e-24,5,train
211_binary.jpg,0.0010395950531637778,6.66686521790169e-07,5.84264760018515e-11,2.5770935164687917e-11,9.92121946376601e-22,1.8972924322788094e-14,1.2527796109391825e-22,5,train
212_binary.jpg,0.0010393827974292274,6.662650693400513e-07,5.845099862592797e-11,2.579522277112067e-11,9.937674881069883e-22,1.899025053835562e-14,-1.2521022953850324e-22,5,train
213_binary.jpg,0.0010394790694458675,6.664521192767689e-07,5.846145793609341e-11,2.580527327757588e-11,9.94442627526708e-22,1.9001077029353754e-14,-1.2525235835297846e-22,5,train
214_binary.jpg,0.0010395262332534671,6.665793357713259e-07,5.835695570035736e-11,2.5758743191153037e-11,9.908609257831175e-22,1.8965937719229446e-14,-1.248533572136881e-22,5,train
215_binary.jpg,0.0010396786789843683,6.668703608540724e-07,5.839923729387268e-11,2.576918736075536e-11,9.918075145068637e-22,1.897604827621266e-14,1.250952412439772e-22,5,train
216_binary.jpg,0.0010395041571777091,6.665316443295252e-07,5.839744708814012e-11,2.5790692443635433e-11,9.930816043817107e-22,1.8993586828771863e-14,1.2487263884107701e-22,5,train
217_binary.jpg,0.0010396276198707357,6.667913742485138e-07,5.835701703006662e-11,2.575668062684178e-11,9.907395025701493e-22,1.8968496140449417e-14,1.2486171995914021e-22,5,train
218_binary.jpg,0.0010394590079792626,6.664699395644773e-07,5.831074338411195e-11,2.5745886213744525e-11,9.897454727087768e-22,1.8958508413163582e-14,1.245642239251473e-22,5,train
219_binary.jpg,0.0009183360486933481,4.2126868922356643e-07,4.153841873185622e-11,1.7735345507621425e-11,4.800360517301002e-22,1.0594446063853062e-14,-3.589248686381701e-23,5,train
220_binary.jpg,0.0009183587671074385,4.213853747422688e-07,4.149837353246163e-11,1.7693522860673204e-11,4.780953242454276e-22,1.0565737829945106e-14,3.592318706880987e-23,5,train
221_binary.jpg,0.0009182479508829173,4.209971085342754e-07,4.1599119396262106e-11,1.773650619666131e-11,4.804223836001956e-22,1.0593615219918644e-14,3.6074915178106705e-23,5,train
222_binary.jpg,0.0009185458817891416,4.214865825930624e-07,4.1658179939501145e-11,1.7739479183679657e-11,4.808657810454853e-22,1.0597461756234136e-14,3.6353875940453515e-23,5,train
223_binary.jpg,0.0009184506213184593,4.213028436338959e-07,4.160798153455184e-11,1.770350869388015e-11,4.791064051259301e-22,1.056924167718347e-14,3.6335153072148534e-23,5,train
224_binary.jpg,0.0009184159199962727,4.2126237364065293e-07,4.1644541760519725e-11,1.7739531802195883e-11,4.807952142966025e-22,1.0596340914971556e-14,-3.626844694537866e-23,5,train
225_binary.jpg,0.0010158750139562544,6.18538208757921e-07,5.0732356777926045e-11,2.4804472546092308e-11,8.772183973726758e-22,1.8480630318993947e-14,-6.875211848173763e-23,5,train
226_binary.jpg,0.0010156787998261737,6.181647846476992e-07,5.076843478308956e-11,2.4817368180331232e-11,8.782146163334125e-22,1.848432613685587e-14,-6.883096190211596e-23,5,train
227_binary.jpg,0.0010156292464361515,6.18144548428658e-07,5.068531338023448e-11,2.4789880548669315e-11,8.760413245709364e-22,1.8462449240647095e-14,6.861696042919176e-23,5,train
228_binary.jpg,0.0010146238195810205,6.152769968226903e-07,4.964948622902657e-11,2.4179872625014515e-11,8.352004440211797e-22,1.796340652084658e-14,-6.589925253416811e-23,5,train
229_binary.jpg,0.0010148175453173367,6.155635463324688e-07,4.9646896760031935e-11,2.4166977050426612e-11,8.344988757802465e-22,1.7954510493276448e-14,6.599360781745982e-23,5,train
230_binary.jpg,0.0010146880873457052,6.15364590590159e-07,4.965507290448564e-11,2.416665783379026e-11,8.345516779345677e-22,1.795137833754731e-14,-6.59898269180787e-23,5,train
231_binary.jpg,0.001033023797642019,6.459789605498747e-07,5.102641858410526e-11,2.4570176745536933e-11,8.668206055879663e-22,1.8724348901803772e-14,-7.409226332857587e-23,5,train
232_binary.jpg,0.0010329499991473213,6.458560718825512e-07,5.1016972513503396e-11,2.456444709782353e-11,8.664403144169236e-22,1.8719879976578945e-14,7.4023123527193e-23,5,train
233_binary.jpg,0.0010327725904861907,6.456047408086406e-07,5.099563322633814e-11,2.4529804851432855e-11,8.644074475324518e-22,1.8687884054861025e-14,7.408267898565486e-23,5,train
234_binary.jpg,0.0010326349531546548,6.453603393963998e-07,5.093739761111368e-11,2.4522722849569665e-11,8.635581758591461e-22,1.8680229286185504e-14,7.379168104696322e-23,5,train
235_binary.jpg,0.0010176028736120543,6.225723584639573e-07,5.0978633098888835e-11,2.4246614845164544e-11,8.490734650555293e-22,1.7895653244929066e-14,-7.583825187474655e-23,5,train
236_binary.jpg,0.0010173889314013308,6.221695405932198e-07,5.094437183204191e-11,2.422178818405766e-11,8.474786990360677e-22,1.7870243290781013e-14,7.576453606461482e-23,5,train
237_binary.jpg,0.0010174478827262065,6.222747199811903e-07,5.0842357791010104e-11,2.4140481981505955e-11,8.4233107294829035e-22,1.7803284892346972e-14,7.574714636520938e-23,5,train
238_binary.jpg,0.0010172504557142284,6.219033502013543e-07,5.0908866944381727e-11,2.4169380986561527e-11,8.443978874830847e-22,1.782008064704068e-14,7.590999008295933e-23,5,train
239_binary.jpg,0.0010172080814188971,6.217889767589341e-07,5.0956985683888815e-11,2.419087259696926e-11,8.4592785836788165e-22,1.7835704940331993e-14,7.600317453922716e-23,5,train
240_binary.jpg,0.0010384688599047133,6.571508272959085e-07,5.518229479206645e-11,2.473541327243976e-11,9.07728126694393e-22,1.834181151554529e-14,-1.05668215214124e-22,5,train
241_binary.jpg,0.001038636077598872,6.575311313541326e-07,5.532311154992567e-11,2.4815820265454736e-11,9.133430014296656e-22,1.840972502548529e-14,-1.0612948497149037e-22,5,test
242_binary.jpg,0.0010386489412673088,6.574568319402068e-07,5.530556701801529e-11,2.4802370793552753e-11,9.12453916563382e-22,1.8401974652088407e-14,-1.060432607599475e-22,5,test
243_binary.jpg,0.0010385911058803927,6.574258392430711e-07,5.5245654584012934e-11,2.481526285485875e-11,9.12732034785689e-22,1.8418234401072306e-14,1.0553925711385223e-22,5,test
244_binary.jpg,0.001038699737629033,6.576366028965573e-07,5.520855429036187e-11,2.475938272111592e-11,9.092825183227543e-22,1.837265630701362e-14,1.0568904974273487e-22,5,test
245_binary.jpg,0.0010160784830896916,6.196344287896601e-07,5.121077209786112e-11,2.5234547831412948e-11,9.045213816823976e-22,1.887681463094901e-14,-6.886702535591514e-23,5,test
246_binary.jpg,0.001016011330868411,6.194873577576728e-07,5.126724500782456e-11,2.525714725574825e-11,9.062311253146356e-22,1.889113395389201e-14,-6.906181061013378e-23,5,test
247_binary.jpg,0.0010159711130009598,6.194193246968667e-07,5.1214287108186316e-11,2.5219607262676397e-11,9.037347270653172e-22,1.8857744370459946e-14,-6.899816232919489e-23,5,test
248_binary.jpg,0.0010159696448188344,6.194317330804777e-07,5.114037005296631e-11,2.5196565854046413e-11,9.0185814017959e-22,1.8844896668262362e-14,-6.868120436752423e-23,5,test
249_binary.jpg,0.001015868962683648,6.192033630247683e-07,5.122456055175806e-11,2.5224189789642474e-11,9.040750380462515e-22,1.8859190179838304e-14,6.898043519518526e-23,5,test
250_binary.jpg,0.0010158677740118968,6.192053268128386e-07,5.124357849496182e-11,2.523145441998365e-11,9.046315919400261e-22,1.8864973641047518e-14,-6.904822168197311e-23,5,test
